gene_symbol,logFC,adj.P.Val,regulation,AveExpr,moderated_t,in_hsa00010,KEGG_pathways_Up,n_KEGG_Up,KEGG_pathways_Down,n_KEGG_Down,community_louvain,degree,strength,betweenness_unw,closeness_unw,betweenness_w,closeness_w,eigenvector_w
ALDOB,-7.68061408730158,5.65431855140113e-28,Down,7.60305379746836,-12.5002666774834,TRUE,,0,Pentose phosphate pathway; Fructose and mannose metabolism; Biosynthesis of amino acids; Carbon metabolism; HIF-1 signaling pathway; Glycolysis / Gluconeogenesis; Metabolic pathways,7,2,16,14.162,0.0747,6e-04,0,0.4734,0.8915
ADH1B,-4.59645694444445,1.88364578817286e-15,Down,6.75432405063291,-8.63110025942179,TRUE,,0,Tyrosine metabolism; Metabolism of xenobiotics by cytochrome P450; Drug metabolism - cytochrome P450; Fatty acid degradation; Alcoholic liver disease; Pyruvate metabolism; Glycolysis / Gluconeogenesis; Metabolic pathways,8,1,7,6.39,0,4e-04,0.0069,0.3568,0.0121
ADH1C,-3.9462875,1.27707797960267e-18,Down,3.4373835443038,-9.74727562809492,TRUE,,0,Tyrosine metabolism; Metabolism of xenobiotics by cytochrome P450; Drug metabolism - cytochrome P450; Fatty acid degradation; Alcoholic liver disease; Pyruvate metabolism; Glycolysis / Gluconeogenesis; Metabolic pathways,8,1,7,6.1,0,4e-04,0,0.3508,0.0115
ALDH3B2,-3.63326676587301,4.27000778275569e-18,Down,1.39109683544304,-9.51337033628252,TRUE,,0,Tyrosine metabolism; Metabolism of xenobiotics by cytochrome P450; Drug metabolism - cytochrome P450; Glycolysis / Gluconeogenesis; Metabolic pathways,5,1,8,6.963,0,4e-04,0,0.3124,0.0086
HK2,3.55394642857144,1.4848523220681e-35,Up,10.3827183544304,14.5955297929861,TRUE,Carbon metabolism; Starch and sucrose metabolism; Fructose and mannose metabolism; Galactose metabolism; HIF-1 signaling pathway; Central carbon metabolism in cancer; Insulin signaling pathway; Glycolysis / Gluconeogenesis; Metabolic pathways,9,,0,2,10,8.609,0.0552,5e-04,0,0.386,0.5341
PCK1,-3.27097371031745,1.97917754530037e-08,Down,10.0597879746835,-5.95484887055183,TRUE,,0,Pyruvate metabolism; Glucagon signaling pathway; Insulin signaling pathway; Glycolysis / Gluconeogenesis; Metabolic pathways,5,2,5,4.637,0.092,5e-04,0.1701,0.4368,0.2791
ADH4,-3.07977182539682,5.39613425283524e-24,Down,1.24915506329114,-11.3504317882978,TRUE,,0,Tyrosine metabolism; Metabolism of xenobiotics by cytochrome P450; Drug metabolism - cytochrome P450; Fatty acid degradation; Alcoholic liver disease; Pyruvate metabolism; Glycolysis / Gluconeogenesis; Metabolic pathways,8,1,5,4.212,0.0046,4e-04,0,0.3426,0.0095
PGAM2,-3.00005674603174,2.14528160459598e-13,Down,3.67416392405063,-7.9201935019373,TRUE,,0,Glucagon signaling pathway; Central carbon metabolism in cancer; Biosynthesis of amino acids; Carbon metabolism; Glycolysis / Gluconeogenesis; Metabolic pathways,6,2,10,8.963,0,5e-04,0,0.4339,0.7001
ALDH3B1,1.88786458333334,2.49627142113617e-18,Up,11.458335443038,9.62937161248694,TRUE,Tyrosine metabolism; Metabolism of xenobiotics by cytochrome P450; Drug metabolism - cytochrome P450; Glycolysis / Gluconeogenesis; Metabolic pathways,5,,0,1,8,6.581,0.0391,4e-04,0,0.3105,0.0082
PKM,1.83893353174604,1.02328823303176e-17,Up,16.0031329113924,9.37858154044879,TRUE,Biosynthesis of amino acids; Carbon metabolism; Central carbon metabolism in cancer; Glucagon signaling pathway; Pyruvate metabolism; Glycolysis / Gluconeogenesis; Metabolic pathways,7,,0,2,14,13.214,0.0115,6e-04,0.1149,0.5022,0.8861
PFKP,1.79298511904763,3.41759655057331e-18,Up,12.8516487341772,9.56351795623405,TRUE,Biosynthesis of amino acids; Carbon metabolism; Pentose phosphate pathway; Fructose and mannose metabolism; Galactose metabolism; HIF-1 signaling pathway; Central carbon metabolism in cancer; Glucagon signaling pathway; Glycolysis / Gluconeogenesis; Metabolic pathways,10,,0,2,11,9.816,0.0391,6e-04,0,0.438,0.7135
ALDOA,1.76057539682542,2.8652213114974e-14,Up,16.0363607594937,8.22848674615914,TRUE,Biosynthesis of amino acids; Carbon metabolism; Pentose phosphate pathway; Fructose and mannose metabolism; HIF-1 signaling pathway; Glycolysis / Gluconeogenesis; Metabolic pathways,7,,0,2,16,14.579,0.0471,6e-04,0.0023,0.4797,0.9209
ADH6,-1.66936061507937,0.000655649622609368,Down,6.87616455696203,-3.54734655401118,TRUE,,0,Tyrosine metabolism; Metabolism of xenobiotics by cytochrome P450; Drug metabolism - cytochrome P450; Fatty acid degradation; Alcoholic liver disease; Pyruvate metabolism; Glycolysis / Gluconeogenesis; Metabolic pathways,8,1,5,4.224,0.0828,4e-04,0,0.3362,0.0092
GAPDH,1.66745039682542,2.69868670339425e-13,Up,16.9889873417722,7.87410843995799,TRUE,Biosynthesis of amino acids; Carbon metabolism; HIF-1 signaling pathway; Glycolysis / Gluconeogenesis; Metabolic pathways,5,,0,2,10,9.328,0,5e-04,0,0.4418,0.7306
LDHC,-1.66477068452381,0.000132610593940858,Down,2.22984778481013,-3.98846907407734,TRUE,,0,Pyruvate metabolism; Glucagon signaling pathway; Central carbon metabolism in cancer; HIF-1 signaling pathway; Glycolysis / Gluconeogenesis; Metabolic pathways,6,2,4,3.471,0,4e-04,0,0.3572,0.3022
ENO1,1.57759424603177,4.14881585165804e-13,Up,16.103164556962,7.79866992888887,TRUE,Biosynthesis of amino acids; Carbon metabolism; HIF-1 signaling pathway; Glycolysis / Gluconeogenesis; Metabolic pathways,5,,0,2,13,12.12,0.0644,6e-04,0.0506,0.4925,0.8335
ENO2,1.56444196428571,3.77759765691245e-09,Up,11.0312848101266,6.29401291130065,TRUE,Biosynthesis of amino acids; Carbon metabolism; HIF-1 signaling pathway; Glycolysis / Gluconeogenesis; Metabolic pathways,5,,0,2,12,10.963,0.0207,6e-04,0,0.4801,0.7735
ENO4,1.51864528769841,1.61536928590232e-11,Up,4.87593892405063,7.21432272783983,TRUE,Biosynthesis of amino acids; Carbon metabolism; Glycolysis / Gluconeogenesis; Metabolic pathways,4,,0,2,10,8.635,0.0391,6e-04,0,0.4576,0.6293
G6PC3,1.47676091269842,4.40074993352197e-17,Up,11.9462658227848,9.16549766968929,TRUE,Starch and sucrose metabolism; Galactose metabolism; Insulin signaling pathway; Glucagon signaling pathway; Glycolysis / Gluconeogenesis; Metabolic pathways,6,,0,2,5,4.393,0,4e-04,0,0.3403,0.3041
ALDH3A1,1.32598804563493,0.00019559127431889,Up,6.20838829113924,3.87858815471913,TRUE,Tyrosine metabolism; Metabolism of xenobiotics by cytochrome P450; Drug metabolism - cytochrome P450; Glycolysis / Gluconeogenesis; Metabolic pathways,5,,0,1,8,6.836,0,4e-04,0,0.3113,0.0085
ALDH2,1.29316914682542,1.04470186495064e-06,Up,13.8403702531646,5.14128668087405,TRUE,Fatty acid degradation; Alcoholic liver disease; Pyruvate metabolism; Glycolysis / Gluconeogenesis; Metabolic pathways,5,,0,1,8,7.299,0.3448,6e-04,0.2989,0.4694,0.073
ALDH3A2,1.19604960317462,3.77759765691245e-09,Up,12.3085348101266,6.29099530396545,TRUE,Fatty acid degradation; Alcoholic liver disease; Pyruvate metabolism; Glycolysis / Gluconeogenesis; Metabolic pathways,5,,0,1,7,6.176,0,5e-04,0.0069,0.3507,0.0132
GPI,1.1943253968254,3.83679937277509e-09,Up,14.1952848101266,6.27884968786381,TRUE,Carbon metabolism; Starch and sucrose metabolism; Pentose phosphate pathway; Glycolysis / Gluconeogenesis; Metabolic pathways,5,,0,2,17,16.464,0.0023,6e-04,0.2414,0.4978,1
GCK,-1.16881964285714,0.000157189360944153,Down,2.66810379746835,-3.93987658596246,TRUE,,0,Glucagon signaling pathway; Insulin signaling pathway; Central carbon metabolism in cancer; Starch and sucrose metabolism; Galactose metabolism; Carbon metabolism; Glycolysis / Gluconeogenesis; Metabolic pathways,8,2,6,5.38,0,4e-04,0,0.3508,0.34
TPI1,1.15001984126987,7.13269970709285e-09,Up,14.6774050632911,6.15217856574365,TRUE,Biosynthesis of amino acids; Carbon metabolism; Fructose and mannose metabolism; Glycolysis / Gluconeogenesis; Metabolic pathways,5,,0,2,14,13.15,0.4069,7e-04,0.3379,0.5577,0.8525
ACSS2,1.14971726190477,4.98153974710733e-07,Up,12.2230221518987,5.29692499498715,TRUE,Carbon metabolism; Pyruvate metabolism; Glycolysis / Gluconeogenesis; Metabolic pathways,4,,0,1,6,5.566,0.0782,5e-04,0.1747,0.3888,0.0329
PGM1,1.1280322420635,5.22462938764648e-09,Up,11.7655443037975,6.2157578424498,TRUE,Starch and sucrose metabolism; Pentose phosphate pathway; Galactose metabolism; Glycolysis / Gluconeogenesis; Metabolic pathways,5,,0,2,6,5.58,0,5e-04,0,0.4146,0.3796
ADH1A,-1.12476309523809,1.46207678287402e-07,Down,0.741970886075949,-5.54996961963403,TRUE,,0,Tyrosine metabolism; Metabolism of xenobiotics by cytochrome P450; Drug metabolism - cytochrome P450; Fatty acid degradation; Alcoholic liver disease; Pyruvate metabolism; Glycolysis / Gluconeogenesis; Metabolic pathways,8,1,7,6.069,0.0023,4e-04,0,0.3468,0.0113
PGAM1,1.09631944444446,2.3626718518187e-08,Up,13.5016772151899,5.91274661909721,TRUE,Biosynthesis of amino acids; Carbon metabolism; Central carbon metabolism in cancer; Glucagon signaling pathway; Glycolysis / Gluconeogenesis; Metabolic pathways,6,,0,2,11,9.993,0,5e-04,0,0.4436,0.7668
DLD,1.09079216269842,4.66548504947822e-08,Up,12.296996835443,5.77993576666581,TRUE,Carbon metabolism; Pyruvate metabolism; Glycolysis / Gluconeogenesis; Metabolic pathways,4,,0,2,1,0.708,0,5e-04,0,0.3166,0.0568
FBP2,-1.07982008928571,1.81642567067357e-08,Down,0.616195886075949,-5.97638055279452,TRUE,,0,Glucagon signaling pathway; Insulin signaling pathway; Pentose phosphate pathway; Fructose and mannose metabolism; Carbon metabolism; Glycolysis / Gluconeogenesis; Metabolic pathways,7,2,5,4.785,0,4e-04,0,0.3473,0.3659
